Model,Accuracy,Precision,Recall,F1 Score,ROC AUC,PR AUC
LightGBM,1.0,1.0,1.0,1.0,1.0,0.9999999999999999
SVM,1.0,1.0,1.0,1.0,1.0,1.0
Logistic Regression,1.0,1.0,1.0,1.0,1.0,1.0
Random Forest,0.9444444444444444,1.0,0.9,0.9473684210526315,1.0,0.9999999999999999
Gradient Boosting,0.9444444444444444,1.0,0.9,0.9473684210526315,1.0,1.0
XGBoost,0.9444444444444444,1.0,0.9,0.9473684210526315,1.0,0.9999999999999999
