Model,Accuracy,Precision,Recall,F1 Score,ROC AUC,PR AUC
SVM,0.875,1.0,0.75,0.8571428571428571,1.0,1.0
Random Forest,0.75,0.6666666666666666,1.0,0.8,0.9375,0.95
Gradient Boosting,0.75,0.6666666666666666,1.0,0.8,0.75,0.6666666666666666
XGBoost,0.75,0.6666666666666666,1.0,0.8,1.0,1.0
Logistic Regression,0.75,0.6666666666666666,1.0,0.8,1.0,1.0
LightGBM,0.5,0.0,0.0,0.0,0.5,0.5
